block,timestamp,tx_count,gas_used,gas_limit,base_fee_wei
51974687,1790738721,178,41911308,400000000,5000000
51974688,1790738723,207,37729414,400000000,5000000
51974689,1790738725,195,43391958,400000000,5000000
51974690,1790738727,207,49752675,400000000,5000000
51974691,1790738729,300,50227825,400000000,5000000
51974692,1790738731,183,35658098,400000000,5000000
51974693,1790738733,261,61430095,400000000,5000000
51974694,1790738735,210,33378812,400000000,5000000
51974695,1790738737,193,48119997,400000000,5000000
51974696,1790738739,206,38456172,400000000,5000000
51974697,1790738741,192,40397646,400000000,5000000
51974698,1790738743,143,30026425,400000000,5000000
51974699,1790738745,181,43080503,400000000,5000000
51974700,1790738747,203,57627743,400000000,5000000
51974701,1790738749,135,21730514,400000000,5000000
51974702,1790738751,168,32261420,400000000,5000000
51974703,1790738753,189,39598772,400000000,5000000
51974704,1790738755,159,25406411,400000000,5000000
51974705,1790738757,235,60562525,400000000,5000000
51974706,1790738759,257,54224780,400000000,5000000
51974707,1790738761,188,36785730,400000000,5000000
51974708,1790738763,262,52780955,400000000,5000000
51974709,1790738765,245,46850768,400000000,5000000
51974710,1790738767,236,65671944,400000000,5000000
51974711,1790738769,181,28737485,400000000,5000000
51974712,1790738771,219,44112689,400000000,5000000
51974713,1790738773,326,50406090,400000000,5000000
51974714,1790738775,217,35877506,400000000,5000000
51974715,1790738777,230,64437075,400000000,5000000
51974716,1790738779,179,35661890,400000000,5000000
51974717,1790738781,185,34502959,400000000,5000000
51974718,1790738783,166,27072126,400000000,5000000
51974719,1790738785,193,41015445,400000000,5000000
51974720,1790738787,176,52688934,400000000,5000000
51974721,1790738789,207,36695922,400000000,5000000
51974722,1790738791,197,38792361,400000000,5000000
51974723,1790738793,310,60406431,400000000,5000000
51974724,1790738795,195,36220456,400000000,5000000
51974725,1790738797,222,66252759,400000000,5000000
51974726,1790738799,168,35605608,400000000,5000000
51974727,1790738801,170,28995658,400000000,5000000
51974728,1790738803,151,35671515,400000000,5000000
51974729,1790738805,210,49452793,400000000,5000000
51974730,1790738807,160,49111791,400000000,5000000
51974731,1790738809,158,33065420,400000000,5000000
51974732,1790738811,176,31965257,400000000,5000000
51974733,1790738813,202,40302157,400000000,5000000
51974734,1790738815,143,27224346,400000000,5000000
51974735,1790738817,180,69686259,400000000,5000000
51974736,1790738819,226,37758000,400000000,5000000
51974737,1790738821,182,32177184,400000000,5000000
51974738,1790738823,263,51090758,400000000,5000000
51974739,1790738825,222,45525498,400000000,5000000
51974740,1790738827,201,54640858,400000000,5000000
51974741,1790738829,153,38529090,400000000,5000000
51974742,1790738831,141,27027999,400000000,5000000
51974743,1790738833,218,45266794,400000000,5000000
51974744,1790738835,165,53457333,400000000,5000000
51974745,1790738837,172,51184783,400000000,5000000
51974746,1790738839,159,32986397,400000000,5000000
51974747,1790738841,174,38677169,400000000,5000000
51974748,1790738843,183,35434496,400000000,5000000
51974749,1790738845,150,30571462,400000000,5000000
51974750,1790738847,191,46896663,400000000,5000000
51974751,1790738849,240,42603433,400000000,5000000
51974752,1790738851,200,39981279,400000000,5000000
51974753,1790738853,296,54976500,400000000,5000000
51974754,1790738855,213,39076618,400000000,5000000
51974755,1790738857,161,48526303,400000000,5000000
51974756,1790738859,164,36113453,400000000,5000000
51974757,1790738861,251,58003654,400000000,5000000
51974758,1790738863,173,32507878,400000000,5000000
51974759,1790738865,208,48731978,400000000,5000000
51974760,1790738867,207,57305800,400000000,5000000
51974761,1790738869,160,32244636,400000000,5000000
51974762,1790738871,194,43298473,400000000,5000000
51974763,1790738873,215,54086272,400000000,5000000
51974764,1790738875,175,33349915,400000000,5000000
51974765,1790738877,284,71758553,400000000,5000000
51974766,1790738879,219,42580219,400000000,5000000
51974767,1790738881,214,39654492,400000000,5000000
51974768,1790738883,332,62235119,400000000,5000000
51974769,1790738885,252,48517783,400000000,5000000
51974770,1790738887,248,59521181,400000000,5000000
51974771,1790738889,204,52345997,400000000,5000000
51974772,1790738891,209,60026726,400000000,5000000
51974773,1790738893,192,41016859,400000000,5000000
51974774,1790738895,177,37631231,400000000,5000000
51974775,1790738897,250,61335820,400000000,5000000
51974776,1790738899,228,38694453,400000000,5000000
51974777,1790738901,206,41585666,400000000,5000000
51974778,1790738903,171,37882133,400000000,5000000
51974779,1790738905,193,46608420,400000000,5000000
51974780,1790738907,152,57234382,400000000,5000000
51974781,1790738909,218,49112143,400000000,5000000
51974782,1790738911,217,34993186,400000000,5000000
51974783,1790738913,283,52824112,400000000,5000000
51974784,1790738915,171,33057725,400000000,5000000
51974785,1790738917,182,56960684,400000000,5000000
51974786,1790738919,199,39908282,400000000,5000000
